ID tag;X;Y;Z;HPL;VPL;Nombre;Hora;Tipo dato
"2";"1.200";"6.14";"0";"0";"0";"T1";"2022-11-03T08:02:51.616Z";"Drawed"
"2";"1.200";"6.14";"0";"0";"0";"T1";"2022-11-03T08:02:51.716Z";"Drawed"
"2";"1.200";"6.14";"0";"0";"0";"T1";"2022-11-03T08:02:51.816Z";"Drawed"
"2";"1.210";"6.13";"0";"0";"0";"T1";"2022-11-03T08:02:51.916Z";"Drawed"
"2";"1.210";"6.13";"0";"0";"0";"T1";"2022-11-03T08:02:52.160Z";"Drawed"
"2";"1.210";"6.13";"0";"0";"0";"T1";"2022-11-03T08:02:52.116Z";"Drawed"
"2";"1.210";"6.13";"0";"0";"0";"T1";"2022-11-03T08:02:52.216Z";"Drawed"
"2";"1.210";"6.13";"0";"0";"0";"T1";"2022-11-03T08:02:52.316Z";"Drawed"
"2";"1.230";"6.14";"0";"0";"0";"T1";"2022-11-03T08:02:52.416Z";"Drawed"
"2";"1.250";"6.18";"0";"0";"0";"T1";"2022-11-03T08:02:52.516Z";"Drawed"
"2";"1.270";"6.25";"0";"0";"0";"T1";"2022-11-03T08:02:52.616Z";"Drawed"
"2";"1.290";"6.4";"0";"0";"0";"T1";"2022-11-03T08:02:52.716Z";"Drawed"
"2";"1.290";"6.49";"0";"0";"0";"T1";"2022-11-03T08:02:52.816Z";"Drawed"
"2";"1.280";"6.59";"0";"0";"0";"T1";"2022-11-03T08:02:52.916Z";"Drawed"
"2";"1.270";"6.7";"0";"0";"0";"T1";"2022-11-03T08:02:53.160Z";"Drawed"
"2";"1.250";"6.79";"0";"0";"0";"T1";"2022-11-03T08:02:53.116Z";"Drawed"
"2";"1.240";"6.87";"0";"0";"0";"T1";"2022-11-03T08:02:53.216Z";"Drawed"
"2";"1.230";"6.96";"0";"0";"0";"T1";"2022-11-03T08:02:53.316Z";"Drawed"
"2";"1.220";"7.02";"0";"0";"0";"T1";"2022-11-03T08:02:53.416Z";"Drawed"
"2";"1.210";"7.07";"0";"0";"0";"T1";"2022-11-03T08:02:53.516Z";"Drawed"
"2";"1.210";"7.11";"0";"0";"0";"T1";"2022-11-03T08:02:53.616Z";"Drawed"
"2";"1.210";"7.16";"0";"0";"0";"T1";"2022-11-03T08:02:53.716Z";"Drawed"
"2";"1.210";"7.19";"0";"0";"0";"T1";"2022-11-03T08:02:53.816Z";"Drawed"
"2";"1.210";"7.27";"0";"0";"0";"T1";"2022-11-03T08:02:53.916Z";"Drawed"
"2";"1.200";"7.33";"0";"0";"0";"T1";"2022-11-03T08:02:54.160Z";"Drawed"
"2";"1.200";"7.36";"0";"0";"0";"T1";"2022-11-03T08:02:54.116Z";"Drawed"
"2";"1.200";"7.4";"0";"0";"0";"T1";"2022-11-03T08:02:54.216Z";"Drawed"
"2";"1.210";"7.45";"0";"0";"0";"T1";"2022-11-03T08:02:54.316Z";"Drawed"
"2";"1.210";"7.49";"0";"0";"0";"T1";"2022-11-03T08:02:54.416Z";"Drawed"
"2";"1.210";"7.55";"0";"0";"0";"T1";"2022-11-03T08:02:54.516Z";"Drawed"
"2";"1.210";"7.59";"0";"0";"0";"T1";"2022-11-03T08:02:54.616Z";"Drawed"
"2";"1.210";"7.66";"0";"0";"0";"T1";"2022-11-03T08:02:54.716Z";"Drawed"
"2";"1.210";"7.69";"0";"0";"0";"T1";"2022-11-03T08:02:54.816Z";"Drawed"
"2";"1.210";"7.76";"0";"0";"0";"T1";"2022-11-03T08:02:54.916Z";"Drawed"
"2";"1.210";"7.79";"0";"0";"0";"T1";"2022-11-03T08:02:55.160Z";"Drawed"
"2";"1.210";"7.86";"0";"0";"0";"T1";"2022-11-03T08:02:55.116Z";"Drawed"
"2";"1.210";"7.89";"0";"0";"0";"T1";"2022-11-03T08:02:55.216Z";"Drawed"
"2";"1.210";"7.93";"0";"0";"0";"T1";"2022-11-03T08:02:55.316Z";"Drawed"
"2";"1.210";"7.96";"0";"0";"0";"T1";"2022-11-03T08:02:55.416Z";"Drawed"
"2";"1.210";"8";"0";"0";"0";"T1";"2022-11-03T08:02:55.516Z";"Drawed"
"2";"1.210";"8.06";"0";"0";"0";"T1";"2022-11-03T08:02:55.616Z";"Drawed"
"2";"1.220";"8.1";"0";"0";"0";"T1";"2022-11-03T08:02:55.716Z";"Drawed"
"2";"1.220";"8.16";"0";"0";"0";"T1";"2022-11-03T08:02:55.816Z";"Drawed"
"2";"1.220";"8.22";"0";"0";"0";"T1";"2022-11-03T08:02:55.916Z";"Drawed"
"2";"1.230";"8.26";"0";"0";"0";"T1";"2022-11-03T08:02:56.160Z";"Drawed"
"2";"1.230";"8.32";"0";"0";"0";"T1";"2022-11-03T08:02:56.116Z";"Drawed"
"2";"1.240";"8.37";"0";"0";"0";"T1";"2022-11-03T08:02:56.216Z";"Drawed"
"2";"1.240";"8.48";"0";"0";"0";"T1";"2022-11-03T08:02:56.316Z";"Drawed"
"2";"1.240";"8.54";"0";"0";"0";"T1";"2022-11-03T08:02:56.416Z";"Drawed"
"2";"1.240";"8.59";"0";"0";"0";"T1";"2022-11-03T08:02:56.516Z";"Drawed"
"2";"1.240";"8.65";"0";"0";"0";"T1";"2022-11-03T08:02:56.616Z";"Drawed"
"2";"1.240";"8.7";"0";"0";"0";"T1";"2022-11-03T08:02:56.716Z";"Drawed"
"2";"1.250";"8.75";"0";"0";"0";"T1";"2022-11-03T08:02:56.816Z";"Drawed"
"2";"1.260";"8.8";"0";"0";"0";"T1";"2022-11-03T08:02:56.916Z";"Drawed"
"2";"1.270";"8.85";"0";"0";"0";"T1";"2022-11-03T08:02:57.160Z";"Drawed"
"2";"1.280";"8.9";"0";"0";"0";"T1";"2022-11-03T08:02:57.116Z";"Drawed"
"2";"1.290";"8.94";"0";"0";"0";"T1";"2022-11-03T08:02:57.216Z";"Drawed"
"2";"1.300";"8.98";"0";"0";"0";"T1";"2022-11-03T08:02:57.316Z";"Drawed"
"2";"1.310";"9";"0";"0";"0";"T1";"2022-11-03T08:02:57.416Z";"Drawed"
"2";"1.330";"9.04";"0";"0";"0";"T1";"2022-11-03T08:02:57.516Z";"Drawed"
"2";"1.360";"9.09";"0";"0";"0";"T1";"2022-11-03T08:02:57.616Z";"Drawed"
"2";"1.390";"9.13";"0";"0";"0";"T1";"2022-11-03T08:02:57.716Z";"Drawed"
"2";"1.440";"9.18";"0";"0";"0";"T1";"2022-11-03T08:02:57.816Z";"Drawed"
"2";"1.490";"9.21";"0";"0";"0";"T1";"2022-11-03T08:02:57.916Z";"Drawed"
"2";"1.560";"9.25";"0";"0";"0";"T1";"2022-11-03T08:02:58.160Z";"Drawed"
"2";"1.640";"9.29";"0";"0";"0";"T1";"2022-11-03T08:02:58.116Z";"Drawed"
"2";"1.710";"9.32";"0";"0";"0";"T1";"2022-11-03T08:02:58.216Z";"Drawed"
"2";"1.780";"9.34";"0";"0";"0";"T1";"2022-11-03T08:02:58.316Z";"Drawed"
"2";"1.880";"9.37";"0";"0";"0";"T1";"2022-11-03T08:02:58.416Z";"Drawed"
"2";"1.980";"9.38";"0";"0";"0";"T1";"2022-11-03T08:02:58.516Z";"Drawed"
"2";"2.090";"9.39";"0";"0";"0";"T1";"2022-11-03T08:02:58.616Z";"Drawed"
"2";"2.200";"9.4";"0";"0";"0";"T1";"2022-11-03T08:02:58.716Z";"Drawed"
"2";"2.380";"9.41";"0";"0";"0";"T1";"2022-11-03T08:02:58.816Z";"Drawed"
"2";"2.500";"9.42";"0";"0";"0";"T1";"2022-11-03T08:02:58.916Z";"Drawed"
"2";"2.600";"9.42";"0";"0";"0";"T1";"2022-11-03T08:02:59.160Z";"Drawed"
"2";"2.700";"9.42";"0";"0";"0";"T1";"2022-11-03T08:02:59.116Z";"Drawed"
"2";"2.810";"9.42";"0";"0";"0";"T1";"2022-11-03T08:02:59.216Z";"Drawed"
"2";"2.910";"9.42";"0";"0";"0";"T1";"2022-11-03T08:02:59.316Z";"Drawed"
"2";"3.030";"9.42";"0";"0";"0";"T1";"2022-11-03T08:02:59.416Z";"Drawed"
"2";"3.180";"9.41";"0";"0";"0";"T1";"2022-11-03T08:02:59.516Z";"Drawed"
"2";"3.320";"9.4";"0";"0";"0";"T1";"2022-11-03T08:02:59.616Z";"Drawed"
"2";"3.430";"9.39";"0";"0";"0";"T1";"2022-11-03T08:02:59.716Z";"Drawed"
"2";"3.570";"9.37";"0";"0";"0";"T1";"2022-11-03T08:02:59.816Z";"Drawed"
"2";"3.770";"9.35";"0";"0";"0";"T1";"2022-11-03T08:02:59.916Z";"Drawed"
"2";"3.890";"9.33";"0";"0";"0";"T1";"2022-11-03T08:03:00.160Z";"Drawed"
"2";"4.030";"9.31";"0";"0";"0";"T1";"2022-11-03T08:03:00.116Z";"Drawed"
"2";"4.130";"9.29";"0";"0";"0";"T1";"2022-11-03T08:03:00.216Z";"Drawed"
"2";"4.270";"9.28";"0";"0";"0";"T1";"2022-11-03T08:03:00.316Z";"Drawed"
"2";"4.400";"9.27";"0";"0";"0";"T1";"2022-11-03T08:03:00.416Z";"Drawed"
"2";"4.530";"9.25";"0";"0";"0";"T1";"2022-11-03T08:03:00.516Z";"Drawed"
"2";"4.650";"9.23";"0";"0";"0";"T1";"2022-11-03T08:03:00.616Z";"Drawed"
"2";"4.800";"9.21";"0";"0";"0";"T1";"2022-11-03T08:03:00.716Z";"Drawed"
"2";"4.930";"9.19";"0";"0";"0";"T1";"2022-11-03T08:03:00.816Z";"Drawed"
"2";"5.070";"9.17";"0";"0";"0";"T1";"2022-11-03T08:03:00.916Z";"Drawed"
"2";"5.190";"9.16";"0";"0";"0";"T1";"2022-11-03T08:03:01.160Z";"Drawed"
"2";"5.370";"9.12";"0";"0";"0";"T1";"2022-11-03T08:03:01.116Z";"Drawed"
"2";"5.490";"9.11";"0";"0";"0";"T1";"2022-11-03T08:03:01.216Z";"Drawed"
"2";"5.590";"9.1";"0";"0";"0";"T1";"2022-11-03T08:03:01.316Z";"Drawed"
"2";"5.690";"9.08";"0";"0";"0";"T1";"2022-11-03T08:03:01.416Z";"Drawed"
"2";"5.770";"9.08";"0";"0";"0";"T1";"2022-11-03T08:03:01.516Z";"Drawed"
"2";"5.870";"9.08";"0";"0";"0";"T1";"2022-11-03T08:03:01.616Z";"Drawed"
"2";"5.960";"9.07";"0";"0";"0";"T1";"2022-11-03T08:03:01.716Z";"Drawed"
"2";"6.060";"9.07";"0";"0";"0";"T1";"2022-11-03T08:03:01.816Z";"Drawed"
"2";"6.160";"9.07";"0";"0";"0";"T1";"2022-11-03T08:03:01.916Z";"Drawed"
"2";"6.270";"9.07";"0";"0";"0";"T1";"2022-11-03T08:03:02.160Z";"Drawed"
"2";"6.370";"9.07";"0";"0";"0";"T1";"2022-11-03T08:03:02.116Z";"Drawed"
"2";"6.470";"9.07";"0";"0";"0";"T1";"2022-11-03T08:03:02.217Z";"Drawed"
"2";"6.600";"9.07";"0";"0";"0";"T1";"2022-11-03T08:03:02.317Z";"Drawed"
"2";"6.700";"9.07";"0";"0";"0";"T1";"2022-11-03T08:03:02.417Z";"Drawed"
"2";"6.790";"9.07";"0";"0";"0";"T1";"2022-11-03T08:03:02.517Z";"Drawed"
"2";"6.880";"9.07";"0";"0";"0";"T1";"2022-11-03T08:03:02.617Z";"Drawed"
"2";"6.960";"9.07";"0";"0";"0";"T1";"2022-11-03T08:03:02.717Z";"Drawed"
"2";"7.020";"9.07";"0";"0";"0";"T1";"2022-11-03T08:03:02.817Z";"Drawed"
"2";"7.080";"9.07";"0";"0";"0";"T1";"2022-11-03T08:03:02.917Z";"Drawed"
"2";"7.110";"9.07";"0";"0";"0";"T1";"2022-11-03T08:03:03.170Z";"Drawed"
"2";"7.160";"9.07";"0";"0";"0";"T1";"2022-11-03T08:03:03.117Z";"Drawed"
"2";"7.190";"9.07";"0";"0";"0";"T1";"2022-11-03T08:03:03.217Z";"Drawed"
"2";"7.220";"9.07";"0";"0";"0";"T1";"2022-11-03T08:03:03.317Z";"Drawed"
"2";"7.230";"9.06";"0";"0";"0";"T1";"2022-11-03T08:03:03.417Z";"Drawed"
"2";"7.240";"9.06";"0";"0";"0";"T1";"2022-11-03T08:03:03.517Z";"Drawed"
"2";"7.280";"9.03";"0";"0";"0";"T1";"2022-11-03T08:03:03.617Z";"Drawed"
"2";"7.310";"9";"0";"0";"0";"T1";"2022-11-03T08:03:03.717Z";"Drawed"
"2";"7.340";"8.97";"0";"0";"0";"T1";"2022-11-03T08:03:03.817Z";"Drawed"
"2";"7.360";"8.93";"0";"0";"0";"T1";"2022-11-03T08:03:03.917Z";"Drawed"
"2";"7.390";"8.88";"0";"0";"0";"T1";"2022-11-03T08:03:04.170Z";"Drawed"
"2";"7.420";"8.84";"0";"0";"0";"T1";"2022-11-03T08:03:04.117Z";"Drawed"
"2";"7.450";"8.78";"0";"0";"0";"T1";"2022-11-03T08:03:04.217Z";"Drawed"
"2";"7.480";"8.74";"0";"0";"0";"T1";"2022-11-03T08:03:04.317Z";"Drawed"
"2";"7.500";"8.7";"0";"0";"0";"T1";"2022-11-03T08:03:04.417Z";"Drawed"
"2";"7.540";"8.62";"0";"0";"0";"T1";"2022-11-03T08:03:04.517Z";"Drawed"
"2";"7.560";"8.58";"0";"0";"0";"T1";"2022-11-03T08:03:04.617Z";"Drawed"
"2";"7.580";"8.54";"0";"0";"0";"T1";"2022-11-03T08:03:04.717Z";"Drawed"
"2";"7.590";"8.49";"0";"0";"0";"T1";"2022-11-03T08:03:04.817Z";"Drawed"
"2";"7.610";"8.45";"0";"0";"0";"T1";"2022-11-03T08:03:04.917Z";"Drawed"
"2";"7.610";"8.41";"0";"0";"0";"T1";"2022-11-03T08:03:05.170Z";"Drawed"
"2";"7.620";"8.38";"0";"0";"0";"T1";"2022-11-03T08:03:05.117Z";"Drawed"
"2";"7.630";"8.33";"0";"0";"0";"T1";"2022-11-03T08:03:05.217Z";"Drawed"
"2";"7.630";"8.28";"0";"0";"0";"T1";"2022-11-03T08:03:05.317Z";"Drawed"
"2";"7.630";"8.25";"0";"0";"0";"T1";"2022-11-03T08:03:05.417Z";"Drawed"
"2";"7.640";"8.21";"0";"0";"0";"T1";"2022-11-03T08:03:05.517Z";"Drawed"
"2";"7.640";"8.18";"0";"0";"0";"T1";"2022-11-03T08:03:05.617Z";"Drawed"
"2";"7.640";"8.11";"0";"0";"0";"T1";"2022-11-03T08:03:05.717Z";"Drawed"
"2";"7.640";"8.06";"0";"0";"0";"T1";"2022-11-03T08:03:05.817Z";"Drawed"
"2";"7.630";"8.01";"0";"0";"0";"T1";"2022-11-03T08:03:05.917Z";"Drawed"
"2";"7.620";"7.95";"0";"0";"0";"T1";"2022-11-03T08:03:06.170Z";"Drawed"
"2";"7.610";"7.91";"0";"0";"0";"T1";"2022-11-03T08:03:06.117Z";"Drawed"
"2";"7.610";"7.88";"0";"0";"0";"T1";"2022-11-03T08:03:06.217Z";"Drawed"
"2";"7.600";"7.85";"0";"0";"0";"T1";"2022-11-03T08:03:06.317Z";"Drawed"
"2";"7.590";"7.81";"0";"0";"0";"T1";"2022-11-03T08:03:06.417Z";"Drawed"
"2";"7.580";"7.77";"0";"0";"0";"T1";"2022-11-03T08:03:06.517Z";"Drawed"
"2";"7.570";"7.75";"0";"0";"0";"T1";"2022-11-03T08:03:06.617Z";"Drawed"
"2";"7.560";"7.73";"0";"0";"0";"T1";"2022-11-03T08:03:06.717Z";"Drawed"
"2";"7.560";"7.71";"0";"0";"0";"T1";"2022-11-03T08:03:06.817Z";"Drawed"
"2";"7.540";"7.67";"0";"0";"0";"T1";"2022-11-03T08:03:06.917Z";"Drawed"
"2";"7.540";"7.65";"0";"0";"0";"T1";"2022-11-03T08:03:07.170Z";"Drawed"
"2";"7.520";"7.6";"0";"0";"0";"T1";"2022-11-03T08:03:07.117Z";"Drawed"
"2";"7.510";"7.58";"0";"0";"0";"T1";"2022-11-03T08:03:07.217Z";"Drawed"
"2";"7.490";"7.54";"0";"0";"0";"T1";"2022-11-03T08:03:07.317Z";"Drawed"
"2";"7.460";"7.49";"0";"0";"0";"T1";"2022-11-03T08:03:07.417Z";"Drawed"
"2";"7.440";"7.46";"0";"0";"0";"T1";"2022-11-03T08:03:07.517Z";"Drawed"
"2";"7.400";"7.42";"0";"0";"0";"T1";"2022-11-03T08:03:07.617Z";"Drawed"
"2";"7.370";"7.38";"0";"0";"0";"T1";"2022-11-03T08:03:07.717Z";"Drawed"
"2";"7.330";"7.35";"0";"0";"0";"T1";"2022-11-03T08:03:07.817Z";"Drawed"
"2";"7.290";"7.33";"0";"0";"0";"T1";"2022-11-03T08:03:07.917Z";"Drawed"
"2";"7.250";"7.3";"0";"0";"0";"T1";"2022-11-03T08:03:08.170Z";"Drawed"
"2";"7.190";"7.28";"0";"0";"0";"T1";"2022-11-03T08:03:08.117Z";"Drawed"
"2";"7.110";"7.26";"0";"0";"0";"T1";"2022-11-03T08:03:08.217Z";"Drawed"
"2";"7.040";"7.25";"0";"0";"0";"T1";"2022-11-03T08:03:08.317Z";"Drawed"
"2";"6.960";"7.23";"0";"0";"0";"T1";"2022-11-03T08:03:08.417Z";"Drawed"
"2";"6.890";"7.23";"0";"0";"0";"T1";"2022-11-03T08:03:08.517Z";"Drawed"
"2";"6.820";"7.22";"0";"0";"0";"T1";"2022-11-03T08:03:08.617Z";"Drawed"
"2";"6.750";"7.22";"0";"0";"0";"T1";"2022-11-03T08:03:08.717Z";"Drawed"
"2";"6.700";"7.23";"0";"0";"0";"T1";"2022-11-03T08:03:08.817Z";"Drawed"
"2";"6.640";"7.24";"0";"0";"0";"T1";"2022-11-03T08:03:08.917Z";"Drawed"
"2";"6.580";"7.25";"0";"0";"0";"T1";"2022-11-03T08:03:09.170Z";"Drawed"
"2";"6.520";"7.27";"0";"0";"0";"T1";"2022-11-03T08:03:09.117Z";"Drawed"
"2";"6.480";"7.28";"0";"0";"0";"T1";"2022-11-03T08:03:09.217Z";"Drawed"
"2";"6.380";"7.3";"0";"0";"0";"T1";"2022-11-03T08:03:09.317Z";"Drawed"
"2";"6.320";"7.32";"0";"0";"0";"T1";"2022-11-03T08:03:09.417Z";"Drawed"
"2";"6.240";"7.34";"0";"0";"0";"T1";"2022-11-03T08:03:09.517Z";"Drawed"
"2";"6.180";"7.36";"0";"0";"0";"T1";"2022-11-03T08:03:09.617Z";"Drawed"
"2";"6.130";"7.37";"0";"0";"0";"T1";"2022-11-03T08:03:09.717Z";"Drawed"
"2";"6.050";"7.4";"0";"0";"0";"T1";"2022-11-03T08:03:09.817Z";"Drawed"
"2";"6.000";"7.41";"0";"0";"0";"T1";"2022-11-03T08:03:09.917Z";"Drawed"
"2";"5.920";"7.42";"0";"0";"0";"T1";"2022-11-03T08:03:10.170Z";"Drawed"
"2";"5.840";"7.44";"0";"0";"0";"T1";"2022-11-03T08:03:10.117Z";"Drawed"
"2";"5.800";"7.44";"0";"0";"0";"T1";"2022-11-03T08:03:10.217Z";"Drawed"
"2";"5.740";"7.45";"0";"0";"0";"T1";"2022-11-03T08:03:10.317Z";"Drawed"
"2";"5.690";"7.47";"0";"0";"0";"T1";"2022-11-03T08:03:10.417Z";"Drawed"
"2";"5.630";"7.48";"0";"0";"0";"T1";"2022-11-03T08:03:10.517Z";"Drawed"
"2";"5.530";"7.5";"0";"0";"0";"T1";"2022-11-03T08:03:10.617Z";"Drawed"
"2";"5.460";"7.51";"0";"0";"0";"T1";"2022-11-03T08:03:10.717Z";"Drawed"
"2";"5.400";"7.51";"0";"0";"0";"T1";"2022-11-03T08:03:10.817Z";"Drawed"
"2";"5.340";"7.52";"0";"0";"0";"T1";"2022-11-03T08:03:10.917Z";"Drawed"
"2";"5.280";"7.53";"0";"0";"0";"T1";"2022-11-03T08:03:11.170Z";"Drawed"
"2";"5.200";"7.54";"0";"0";"0";"T1";"2022-11-03T08:03:11.117Z";"Drawed"
"2";"5.130";"7.55";"0";"0";"0";"T1";"2022-11-03T08:03:11.217Z";"Drawed"
"2";"5.060";"7.56";"0";"0";"0";"T1";"2022-11-03T08:03:11.317Z";"Drawed"
"2";"4.990";"7.56";"0";"0";"0";"T1";"2022-11-03T08:03:11.417Z";"Drawed"
"2";"4.910";"7.57";"0";"0";"0";"T1";"2022-11-03T08:03:11.517Z";"Drawed"
"2";"4.810";"7.57";"0";"0";"0";"T1";"2022-11-03T08:03:11.617Z";"Drawed"
"2";"4.710";"7.57";"0";"0";"0";"T1";"2022-11-03T08:03:11.717Z";"Drawed"
"2";"4.640";"7.57";"0";"0";"0";"T1";"2022-11-03T08:03:11.817Z";"Drawed"
"2";"4.560";"7.57";"0";"0";"0";"T1";"2022-11-03T08:03:11.917Z";"Drawed"
"2";"4.500";"7.57";"0";"0";"0";"T1";"2022-11-03T08:03:12.170Z";"Drawed"
"2";"4.410";"7.57";"0";"0";"0";"T1";"2022-11-03T08:03:12.117Z";"Drawed"
"2";"4.330";"7.57";"0";"0";"0";"T1";"2022-11-03T08:03:12.217Z";"Drawed"
"2";"4.250";"7.57";"0";"0";"0";"T1";"2022-11-03T08:03:12.317Z";"Drawed"
"2";"4.180";"7.57";"0";"0";"0";"T1";"2022-11-03T08:03:12.417Z";"Drawed"
"2";"4.110";"7.57";"0";"0";"0";"T1";"2022-11-03T08:03:12.517Z";"Drawed"
"2";"4.030";"7.57";"0";"0";"0";"T1";"2022-11-03T08:03:12.617Z";"Drawed"
"2";"3.940";"7.57";"0";"0";"0";"T1";"2022-11-03T08:03:12.717Z";"Drawed"
"2";"3.850";"7.57";"0";"0";"0";"T1";"2022-11-03T08:03:12.817Z";"Drawed"
"2";"3.710";"7.57";"0";"0";"0";"T1";"2022-11-03T08:03:12.917Z";"Drawed"
"2";"3.640";"7.57";"0";"0";"0";"T1";"2022-11-03T08:03:13.170Z";"Drawed"
"2";"3.550";"7.57";"0";"0";"0";"T1";"2022-11-03T08:03:13.117Z";"Drawed"
"2";"3.480";"7.57";"0";"0";"0";"T1";"2022-11-03T08:03:13.217Z";"Drawed"
"2";"3.410";"7.58";"0";"0";"0";"T1";"2022-11-03T08:03:13.317Z";"Drawed"
"2";"3.350";"7.58";"0";"0";"0";"T1";"2022-11-03T08:03:13.417Z";"Drawed"
"2";"3.290";"7.58";"0";"0";"0";"T1";"2022-11-03T08:03:13.517Z";"Drawed"
"2";"3.230";"7.58";"0";"0";"0";"T1";"2022-11-03T08:03:13.617Z";"Drawed"
"2";"3.160";"7.58";"0";"0";"0";"T1";"2022-11-03T08:03:13.717Z";"Drawed"
"2";"3.110";"7.58";"0";"0";"0";"T1";"2022-11-03T08:03:13.817Z";"Drawed"
"2";"3.060";"7.58";"0";"0";"0";"T1";"2022-11-03T08:03:13.917Z";"Drawed"
"2";"3.010";"7.57";"0";"0";"0";"T1";"2022-11-03T08:03:14.170Z";"Drawed"
"2";"2.950";"7.56";"0";"0";"0";"T1";"2022-11-03T08:03:14.117Z";"Drawed"
"2";"2.900";"7.56";"0";"0";"0";"T1";"2022-11-03T08:03:14.217Z";"Drawed"
"2";"2.820";"7.54";"0";"0";"0";"T1";"2022-11-03T08:03:14.317Z";"Drawed"
"2";"2.740";"7.53";"0";"0";"0";"T1";"2022-11-03T08:03:14.417Z";"Drawed"
"2";"2.660";"7.52";"0";"0";"0";"T1";"2022-11-03T08:03:14.517Z";"Drawed"
"2";"2.600";"7.51";"0";"0";"0";"T1";"2022-11-03T08:03:14.617Z";"Drawed"
"2";"2.530";"7.5";"0";"0";"0";"T1";"2022-11-03T08:03:14.717Z";"Drawed"
"2";"2.450";"7.49";"0";"0";"0";"T1";"2022-11-03T08:03:14.817Z";"Drawed"
"2";"2.410";"7.48";"0";"0";"0";"T1";"2022-11-03T08:03:14.917Z";"Drawed"
"2";"2.380";"7.47";"0";"0";"0";"T1";"2022-11-03T08:03:15.170Z";"Drawed"
"2";"2.350";"7.46";"0";"0";"0";"T1";"2022-11-03T08:03:15.117Z";"Drawed"
"2";"2.350";"7.46";"0";"0";"0";"T1";"2022-11-03T08:03:15.217Z";"Drawed"
"2";"2.320";"7.44";"0";"0";"0";"T1";"2022-11-03T08:03:15.317Z";"Drawed"
"2";"2.310";"7.42";"0";"0";"0";"T1";"2022-11-03T08:03:15.417Z";"Drawed"
"2";"2.280";"7.38";"0";"0";"0";"T1";"2022-11-03T08:03:15.517Z";"Drawed"
"2";"2.250";"7.34";"0";"0";"0";"T1";"2022-11-03T08:03:15.617Z";"Drawed"
"2";"2.240";"7.29";"0";"0";"0";"T1";"2022-11-03T08:03:15.717Z";"Drawed"
"2";"2.220";"7.22";"0";"0";"0";"T1";"2022-11-03T08:03:15.817Z";"Drawed"
"2";"2.220";"7.16";"0";"0";"0";"T1";"2022-11-03T08:03:15.917Z";"Drawed"
"2";"2.210";"7.1";"0";"0";"0";"T1";"2022-11-03T08:03:16.170Z";"Drawed"
"2";"2.210";"7.05";"0";"0";"0";"T1";"2022-11-03T08:03:16.117Z";"Drawed"
"2";"2.210";"7.01";"0";"0";"0";"T1";"2022-11-03T08:03:16.217Z";"Drawed"
"2";"2.220";"6.97";"0";"0";"0";"T1";"2022-11-03T08:03:16.317Z";"Drawed"
"2";"2.220";"6.93";"0";"0";"0";"T1";"2022-11-03T08:03:16.417Z";"Drawed"
"2";"2.240";"6.88";"0";"0";"0";"T1";"2022-11-03T08:03:16.517Z";"Drawed"
"2";"2.240";"6.87";"0";"0";"0";"T1";"2022-11-03T08:03:16.617Z";"Drawed"
"2";"2.250";"6.84";"0";"0";"0";"T1";"2022-11-03T08:03:16.717Z";"Drawed"
"2";"2.270";"6.8";"0";"0";"0";"T1";"2022-11-03T08:03:16.817Z";"Drawed"
"2";"2.280";"6.78";"0";"0";"0";"T1";"2022-11-03T08:03:16.917Z";"Drawed"
"2";"2.290";"6.76";"0";"0";"0";"T1";"2022-11-03T08:03:17.170Z";"Drawed"
"2";"2.320";"6.71";"0";"0";"0";"T1";"2022-11-03T08:03:17.117Z";"Drawed"
"2";"2.340";"6.68";"0";"0";"0";"T1";"2022-11-03T08:03:17.217Z";"Drawed"
"2";"2.360";"6.65";"0";"0";"0";"T1";"2022-11-03T08:03:17.317Z";"Drawed"
"2";"2.370";"6.63";"0";"0";"0";"T1";"2022-11-03T08:03:17.417Z";"Drawed"
"2";"2.410";"6.59";"0";"0";"0";"T1";"2022-11-03T08:03:17.517Z";"Drawed"
"2";"2.430";"6.56";"0";"0";"0";"T1";"2022-11-03T08:03:17.617Z";"Drawed"
"2";"2.460";"6.52";"0";"0";"0";"T1";"2022-11-03T08:03:17.717Z";"Drawed"
"2";"2.500";"6.49";"0";"0";"0";"T1";"2022-11-03T08:03:17.817Z";"Drawed"
"2";"2.520";"6.46";"0";"0";"0";"T1";"2022-11-03T08:03:17.917Z";"Drawed"
"2";"2.550";"6.44";"0";"0";"0";"T1";"2022-11-03T08:03:18.170Z";"Drawed"
"2";"2.590";"6.42";"0";"0";"0";"T1";"2022-11-03T08:03:18.117Z";"Drawed"
"2";"2.640";"6.38";"0";"0";"0";"T1";"2022-11-03T08:03:18.217Z";"Drawed"
"2";"2.690";"6.36";"0";"0";"0";"T1";"2022-11-03T08:03:18.317Z";"Drawed"
"2";"2.740";"6.33";"0";"0";"0";"T1";"2022-11-03T08:03:18.417Z";"Drawed"
"2";"2.800";"6.3";"0";"0";"0";"T1";"2022-11-03T08:03:18.517Z";"Drawed"
"2";"2.830";"6.29";"0";"0";"0";"T1";"2022-11-03T08:03:18.617Z";"Drawed"
"2";"2.910";"6.27";"0";"0";"0";"T1";"2022-11-03T08:03:18.717Z";"Drawed"
"2";"2.970";"6.25";"0";"0";"0";"T1";"2022-11-03T08:03:18.817Z";"Drawed"
"2";"3.070";"6.22";"0";"0";"0";"T1";"2022-11-03T08:03:18.917Z";"Drawed"
"2";"3.130";"6.21";"0";"0";"0";"T1";"2022-11-03T08:03:19.170Z";"Drawed"
"2";"3.190";"6.2";"0";"0";"0";"T1";"2022-11-03T08:03:19.117Z";"Drawed"
"2";"3.270";"6.18";"0";"0";"0";"T1";"2022-11-03T08:03:19.217Z";"Drawed"
"2";"3.300";"6.18";"0";"0";"0";"T1";"2022-11-03T08:03:19.317Z";"Drawed"
"2";"3.370";"6.17";"0";"0";"0";"T1";"2022-11-03T08:03:19.417Z";"Drawed"
"2";"3.430";"6.16";"0";"0";"0";"T1";"2022-11-03T08:03:19.517Z";"Drawed"
"2";"3.520";"6.15";"0";"0";"0";"T1";"2022-11-03T08:03:19.617Z";"Drawed"
"2";"3.600";"6.15";"0";"0";"0";"T1";"2022-11-03T08:03:19.717Z";"Drawed"
"2";"3.680";"6.15";"0";"0";"0";"T1";"2022-11-03T08:03:19.817Z";"Drawed"
"2";"3.760";"6.14";"0";"0";"0";"T1";"2022-11-03T08:03:19.917Z";"Drawed"
"2";"3.860";"6.14";"0";"0";"0";"T1";"2022-11-03T08:03:20.170Z";"Drawed"
"2";"4.000";"6.14";"0";"0";"0";"T1";"2022-11-03T08:03:20.117Z";"Drawed"
"2";"4.090";"6.14";"0";"0";"0";"T1";"2022-11-03T08:03:20.217Z";"Drawed"
"2";"4.190";"6.14";"0";"0";"0";"T1";"2022-11-03T08:03:20.317Z";"Drawed"
"2";"4.320";"6.14";"0";"0";"0";"T1";"2022-11-03T08:03:20.417Z";"Drawed"
"2";"4.430";"6.14";"0";"0";"0";"T1";"2022-11-03T08:03:20.517Z";"Drawed"
"2";"4.560";"6.14";"0";"0";"0";"T1";"2022-11-03T08:03:20.617Z";"Drawed"
"2";"4.660";"6.14";"0";"0";"0";"T1";"2022-11-03T08:03:20.717Z";"Drawed"
"2";"4.780";"6.14";"0";"0";"0";"T1";"2022-11-03T08:03:20.817Z";"Drawed"
"2";"4.880";"6.14";"0";"0";"0";"T1";"2022-11-03T08:03:20.917Z";"Drawed"
"2";"4.990";"6.14";"0";"0";"0";"T1";"2022-11-03T08:03:21.170Z";"Drawed"
"2";"5.090";"6.14";"0";"0";"0";"T1";"2022-11-03T08:03:21.117Z";"Drawed"
"2";"5.180";"6.14";"0";"0";"0";"T1";"2022-11-03T08:03:21.217Z";"Drawed"
"2";"5.300";"6.14";"0";"0";"0";"T1";"2022-11-03T08:03:21.317Z";"Drawed"
"2";"5.390";"6.14";"0";"0";"0";"T1";"2022-11-03T08:03:21.417Z";"Drawed"
"2";"5.460";"6.14";"0";"0";"0";"T1";"2022-11-03T08:03:21.517Z";"Drawed"
"2";"5.540";"6.14";"0";"0";"0";"T1";"2022-11-03T08:03:21.617Z";"Drawed"
"2";"5.620";"6.14";"0";"0";"0";"T1";"2022-11-03T08:03:21.717Z";"Drawed"
"2";"5.670";"6.14";"0";"0";"0";"T1";"2022-11-03T08:03:21.817Z";"Drawed"
"2";"5.720";"6.14";"0";"0";"0";"T1";"2022-11-03T08:03:21.917Z";"Drawed"
"2";"5.790";"6.14";"0";"0";"0";"T1";"2022-11-03T08:03:22.170Z";"Drawed"
"2";"5.880";"6.14";"0";"0";"0";"T1";"2022-11-03T08:03:22.117Z";"Drawed"
"2";"5.960";"6.14";"0";"0";"0";"T1";"2022-11-03T08:03:22.217Z";"Drawed"
"2";"6.030";"6.14";"0";"0";"0";"T1";"2022-11-03T08:03:22.317Z";"Drawed"
"2";"6.090";"6.14";"0";"0";"0";"T1";"2022-11-03T08:03:22.417Z";"Drawed"
"2";"6.170";"6.13";"0";"0";"0";"T1";"2022-11-03T08:03:22.517Z";"Drawed"
"2";"6.200";"6.13";"0";"0";"0";"T1";"2022-11-03T08:03:22.617Z";"Drawed"
"2";"6.240";"6.13";"0";"0";"0";"T1";"2022-11-03T08:03:22.717Z";"Drawed"
"2";"6.300";"6.12";"0";"0";"0";"T1";"2022-11-03T08:03:22.817Z";"Drawed"
"2";"6.330";"6.11";"0";"0";"0";"T1";"2022-11-03T08:03:22.917Z";"Drawed"
"2";"6.370";"6.11";"0";"0";"0";"T1";"2022-11-03T08:03:23.170Z";"Drawed"
"2";"6.420";"6.1";"0";"0";"0";"T1";"2022-11-03T08:03:23.117Z";"Drawed"
"2";"6.490";"6.09";"0";"0";"0";"T1";"2022-11-03T08:03:23.217Z";"Drawed"
"2";"6.570";"6.08";"0";"0";"0";"T1";"2022-11-03T08:03:23.317Z";"Drawed"
"2";"6.640";"6.06";"0";"0";"0";"T1";"2022-11-03T08:03:23.417Z";"Drawed"
"2";"6.710";"6.06";"0";"0";"0";"T1";"2022-11-03T08:03:23.517Z";"Drawed"
"2";"6.770";"6.04";"0";"0";"0";"T1";"2022-11-03T08:03:23.617Z";"Drawed"
"2";"6.820";"6.03";"0";"0";"0";"T1";"2022-11-03T08:03:23.717Z";"Drawed"
"2";"6.870";"6.01";"0";"0";"0";"T1";"2022-11-03T08:03:23.817Z";"Drawed"
"2";"6.890";"6.01";"0";"0";"0";"T1";"2022-11-03T08:03:23.917Z";"Drawed"
"2";"6.900";"6";"0";"0";"0";"T1";"2022-11-03T08:03:24.170Z";"Drawed"
"2";"6.910";"6";"0";"0";"0";"T1";"2022-11-03T08:03:24.117Z";"Drawed"
"2";"6.920";"5.99";"0";"0";"0";"T1";"2022-11-03T08:03:24.217Z";"Drawed"
"2";"6.940";"5.99";"0";"0";"0";"T1";"2022-11-03T08:03:24.317Z";"Drawed"
"2";"6.960";"5.97";"0";"0";"0";"T1";"2022-11-03T08:03:24.417Z";"Drawed"
"2";"7.000";"5.95";"0";"0";"0";"T1";"2022-11-03T08:03:24.517Z";"Drawed"
"2";"7.020";"5.93";"0";"0";"0";"T1";"2022-11-03T08:03:24.617Z";"Drawed"
"2";"7.060";"5.89";"0";"0";"0";"T1";"2022-11-03T08:03:24.717Z";"Drawed"
"2";"7.080";"5.86";"0";"0";"0";"T1";"2022-11-03T08:03:24.817Z";"Drawed"
"2";"7.120";"5.8";"0";"0";"0";"T1";"2022-11-03T08:03:24.917Z";"Drawed"
"2";"7.130";"5.76";"0";"0";"0";"T1";"2022-11-03T08:03:25.170Z";"Drawed"
"2";"7.150";"5.7";"0";"0";"0";"T1";"2022-11-03T08:03:25.117Z";"Drawed"
"2";"7.170";"5.65";"0";"0";"0";"T1";"2022-11-03T08:03:25.217Z";"Drawed"
"2";"7.180";"5.59";"0";"0";"0";"T1";"2022-11-03T08:03:25.317Z";"Drawed"
"2";"7.190";"5.55";"0";"0";"0";"T1";"2022-11-03T08:03:25.417Z";"Drawed"
"2";"7.190";"5.51";"0";"0";"0";"T1";"2022-11-03T08:03:25.517Z";"Drawed"
"2";"7.190";"5.48";"0";"0";"0";"T1";"2022-11-03T08:03:25.617Z";"Drawed"
"2";"7.200";"5.45";"0";"0";"0";"T1";"2022-11-03T08:03:25.717Z";"Drawed"
"2";"7.200";"5.42";"0";"0";"0";"T1";"2022-11-03T08:03:25.817Z";"Drawed"
"2";"7.200";"5.41";"0";"0";"0";"T1";"2022-11-03T08:03:25.917Z";"Drawed"
"2";"7.200";"5.4";"0";"0";"0";"T1";"2022-11-03T08:03:26.170Z";"Drawed"
"2";"7.200";"5.36";"0";"0";"0";"T1";"2022-11-03T08:03:26.117Z";"Drawed"
"2";"7.200";"5.35";"0";"0";"0";"T1";"2022-11-03T08:03:26.217Z";"Drawed"
"2";"7.180";"5.3";"0";"0";"0";"T1";"2022-11-03T08:03:26.317Z";"Drawed"
"2";"7.170";"5.27";"0";"0";"0";"T1";"2022-11-03T08:03:26.417Z";"Drawed"
"2";"7.150";"5.24";"0";"0";"0";"T1";"2022-11-03T08:03:26.517Z";"Drawed"
"2";"7.130";"5.2";"0";"0";"0";"T1";"2022-11-03T08:03:26.617Z";"Drawed"
"2";"7.090";"5.15";"0";"0";"0";"T1";"2022-11-03T08:03:26.717Z";"Drawed"
"2";"7.060";"5.1";"0";"0";"0";"T1";"2022-11-03T08:03:26.817Z";"Drawed"
"2";"7.040";"5.07";"0";"0";"0";"T1";"2022-11-03T08:03:26.917Z";"Drawed"
"2";"6.990";"5.02";"0";"0";"0";"T1";"2022-11-03T08:03:27.170Z";"Drawed"
"2";"6.960";"4.98";"0";"0";"0";"T1";"2022-11-03T08:03:27.117Z";"Drawed"
"2";"6.910";"4.95";"0";"0";"0";"T1";"2022-11-03T08:03:27.217Z";"Drawed"
"2";"6.840";"4.9";"0";"0";"0";"T1";"2022-11-03T08:03:27.317Z";"Drawed"
"2";"6.780";"4.86";"0";"0";"0";"T1";"2022-11-03T08:03:27.417Z";"Drawed"
"2";"6.720";"4.82";"0";"0";"0";"T1";"2022-11-03T08:03:27.517Z";"Drawed"
"2";"6.640";"4.79";"0";"0";"0";"T1";"2022-11-03T08:03:27.617Z";"Drawed"
"2";"6.570";"4.76";"0";"0";"0";"T1";"2022-11-03T08:03:27.717Z";"Drawed"
"2";"6.500";"4.74";"0";"0";"0";"T1";"2022-11-03T08:03:27.817Z";"Drawed"
"2";"6.420";"4.71";"0";"0";"0";"T1";"2022-11-03T08:03:27.917Z";"Drawed"
"2";"6.360";"4.7";"0";"0";"0";"T1";"2022-11-03T08:03:28.170Z";"Drawed"
"2";"6.290";"4.68";"0";"0";"0";"T1";"2022-11-03T08:03:28.117Z";"Drawed"
"2";"6.190";"4.66";"0";"0";"0";"T1";"2022-11-03T08:03:28.217Z";"Drawed"
"2";"6.090";"4.65";"0";"0";"0";"T1";"2022-11-03T08:03:28.317Z";"Drawed"
"2";"5.980";"4.63";"0";"0";"0";"T1";"2022-11-03T08:03:28.417Z";"Drawed"
"2";"5.790";"4.61";"0";"0";"0";"T1";"2022-11-03T08:03:28.517Z";"Drawed"
"2";"5.680";"4.6";"0";"0";"0";"T1";"2022-11-03T08:03:28.617Z";"Drawed"
"2";"5.560";"4.59";"0";"0";"0";"T1";"2022-11-03T08:03:28.717Z";"Drawed"
"2";"5.440";"4.59";"0";"0";"0";"T1";"2022-11-03T08:03:28.817Z";"Drawed"
"2";"5.380";"4.58";"0";"0";"0";"T1";"2022-11-03T08:03:28.917Z";"Drawed"
"2";"5.290";"4.59";"0";"0";"0";"T1";"2022-11-03T08:03:29.170Z";"Drawed"
"2";"5.210";"4.59";"0";"0";"0";"T1";"2022-11-03T08:03:29.117Z";"Drawed"
"2";"5.140";"4.59";"0";"0";"0";"T1";"2022-11-03T08:03:29.217Z";"Drawed"
"2";"5.060";"4.59";"0";"0";"0";"T1";"2022-11-03T08:03:29.317Z";"Drawed"
"2";"4.990";"4.59";"0";"0";"0";"T1";"2022-11-03T08:03:29.417Z";"Drawed"
"2";"4.920";"4.59";"0";"0";"0";"T1";"2022-11-03T08:03:29.517Z";"Drawed"
"2";"4.850";"4.59";"0";"0";"0";"T1";"2022-11-03T08:03:29.617Z";"Drawed"
"2";"4.740";"4.59";"0";"0";"0";"T1";"2022-11-03T08:03:29.717Z";"Drawed"
"2";"4.650";"4.59";"0";"0";"0";"T1";"2022-11-03T08:03:29.817Z";"Drawed"
"2";"4.560";"4.59";"0";"0";"0";"T1";"2022-11-03T08:03:29.917Z";"Drawed"
"2";"4.490";"4.59";"0";"0";"0";"T1";"2022-11-03T08:03:30.170Z";"Drawed"
"2";"4.390";"4.59";"0";"0";"0";"T1";"2022-11-03T08:03:30.117Z";"Drawed"
"2";"4.300";"4.59";"0";"0";"0";"T1";"2022-11-03T08:03:30.217Z";"Drawed"
"2";"4.210";"4.59";"0";"0";"0";"T1";"2022-11-03T08:03:30.317Z";"Drawed"
"2";"4.130";"4.59";"0";"0";"0";"T1";"2022-11-03T08:03:30.417Z";"Drawed"
"2";"4.040";"4.59";"0";"0";"0";"T1";"2022-11-03T08:03:30.517Z";"Drawed"
"2";"3.980";"4.59";"0";"0";"0";"T1";"2022-11-03T08:03:30.617Z";"Drawed"
"2";"3.900";"4.59";"0";"0";"0";"T1";"2022-11-03T08:03:30.717Z";"Drawed"
"2";"3.830";"4.59";"0";"0";"0";"T1";"2022-11-03T08:03:30.817Z";"Drawed"
"2";"3.710";"4.59";"0";"0";"0";"T1";"2022-11-03T08:03:30.917Z";"Drawed"
"2";"3.620";"4.59";"0";"0";"0";"T1";"2022-11-03T08:03:31.170Z";"Drawed"
"2";"3.540";"4.59";"0";"0";"0";"T1";"2022-11-03T08:03:31.117Z";"Drawed"
"2";"3.480";"4.59";"0";"0";"0";"T1";"2022-11-03T08:03:31.217Z";"Drawed"
"2";"3.400";"4.59";"0";"0";"0";"T1";"2022-11-03T08:03:31.317Z";"Drawed"
"2";"3.330";"4.59";"0";"0";"0";"T1";"2022-11-03T08:03:31.417Z";"Drawed"
"2";"3.290";"4.59";"0";"0";"0";"T1";"2022-11-03T08:03:31.517Z";"Drawed"
"2";"3.240";"4.59";"0";"0";"0";"T1";"2022-11-03T08:03:31.617Z";"Drawed"
"2";"3.200";"4.58";"0";"0";"0";"T1";"2022-11-03T08:03:31.717Z";"Drawed"
"2";"3.160";"4.58";"0";"0";"0";"T1";"2022-11-03T08:03:31.817Z";"Drawed"
"2";"3.110";"4.57";"0";"0";"0";"T1";"2022-11-03T08:03:31.917Z";"Drawed"
"2";"3.040";"4.55";"0";"0";"0";"T1";"2022-11-03T08:03:32.170Z";"Drawed"
"2";"2.940";"4.51";"0";"0";"0";"T1";"2022-11-03T08:03:32.117Z";"Drawed"
"2";"2.880";"4.47";"0";"0";"0";"T1";"2022-11-03T08:03:32.217Z";"Drawed"
"2";"2.820";"4.44";"0";"0";"0";"T1";"2022-11-03T08:03:32.317Z";"Drawed"
"2";"2.760";"4.4";"0";"0";"0";"T1";"2022-11-03T08:03:32.417Z";"Drawed"
"2";"2.720";"4.36";"0";"0";"0";"T1";"2022-11-03T08:03:32.517Z";"Drawed"
"2";"2.670";"4.32";"0";"0";"0";"T1";"2022-11-03T08:03:32.617Z";"Drawed"
"2";"2.640";"4.27";"0";"0";"0";"T1";"2022-11-03T08:03:32.717Z";"Drawed"
"2";"2.620";"4.24";"0";"0";"0";"T1";"2022-11-03T08:03:32.817Z";"Drawed"
"2";"2.600";"4.19";"0";"0";"0";"T1";"2022-11-03T08:03:32.917Z";"Drawed"
"2";"2.590";"4.15";"0";"0";"0";"T1";"2022-11-03T08:03:33.170Z";"Drawed"
"2";"2.580";"4.11";"0";"0";"0";"T1";"2022-11-03T08:03:33.117Z";"Drawed"
"2";"2.570";"4.07";"0";"0";"0";"T1";"2022-11-03T08:03:33.217Z";"Drawed"
"2";"2.560";"4.01";"0";"0";"0";"T1";"2022-11-03T08:03:33.317Z";"Drawed"
"2";"2.560";"3.98";"0";"0";"0";"T1";"2022-11-03T08:03:33.417Z";"Drawed"
"2";"2.560";"3.95";"0";"0";"0";"T1";"2022-11-03T08:03:33.517Z";"Drawed"
"2";"2.560";"3.91";"0";"0";"0";"T1";"2022-11-03T08:03:33.617Z";"Drawed"
"2";"2.570";"3.86";"0";"0";"0";"T1";"2022-11-03T08:03:33.717Z";"Drawed"
"2";"2.580";"3.81";"0";"0";"0";"T1";"2022-11-03T08:03:33.817Z";"Drawed"
"2";"2.580";"3.78";"0";"0";"0";"T1";"2022-11-03T08:03:33.917Z";"Drawed"
"2";"2.600";"3.74";"0";"0";"0";"T1";"2022-11-03T08:03:34.170Z";"Drawed"
"2";"2.610";"3.71";"0";"0";"0";"T1";"2022-11-03T08:03:34.117Z";"Drawed"
"2";"2.630";"3.65";"0";"0";"0";"T1";"2022-11-03T08:03:34.217Z";"Drawed"
"2";"2.660";"3.6";"0";"0";"0";"T1";"2022-11-03T08:03:34.317Z";"Drawed"
"2";"2.680";"3.56";"0";"0";"0";"T1";"2022-11-03T08:03:34.417Z";"Drawed"
"2";"2.700";"3.51";"0";"0";"0";"T1";"2022-11-03T08:03:34.517Z";"Drawed"
"2";"2.720";"3.47";"0";"0";"0";"T1";"2022-11-03T08:03:34.617Z";"Drawed"
"2";"2.740";"3.45";"0";"0";"0";"T1";"2022-11-03T08:03:34.717Z";"Drawed"
"2";"2.760";"3.43";"0";"0";"0";"T1";"2022-11-03T08:03:34.817Z";"Drawed"
"2";"2.770";"3.41";"0";"0";"0";"T1";"2022-11-03T08:03:34.917Z";"Drawed"
"2";"2.800";"3.38";"0";"0";"0";"T1";"2022-11-03T08:03:35.170Z";"Drawed"
"2";"2.810";"3.36";"0";"0";"0";"T1";"2022-11-03T08:03:35.117Z";"Drawed"
"2";"2.830";"3.35";"0";"0";"0";"T1";"2022-11-03T08:03:35.217Z";"Drawed"
"2";"2.850";"3.33";"0";"0";"0";"T1";"2022-11-03T08:03:35.317Z";"Drawed"
"2";"2.880";"3.31";"0";"0";"0";"T1";"2022-11-03T08:03:35.417Z";"Drawed"
"2";"2.930";"3.28";"0";"0";"0";"T1";"2022-11-03T08:03:35.517Z";"Drawed"
"2";"2.990";"3.25";"0";"0";"0";"T1";"2022-11-03T08:03:35.617Z";"Drawed"
"2";"3.090";"3.22";"0";"0";"0";"T1";"2022-11-03T08:03:35.717Z";"Drawed"
"2";"3.190";"3.2";"0";"0";"0";"T1";"2022-11-03T08:03:35.817Z";"Drawed"
"2";"3.300";"3.19";"0";"0";"0";"T1";"2022-11-03T08:03:35.917Z";"Drawed"
"2";"3.400";"3.17";"0";"0";"0";"T1";"2022-11-03T08:03:36.170Z";"Drawed"
"2";"3.500";"3.16";"0";"0";"0";"T1";"2022-11-03T08:03:36.117Z";"Drawed"
"2";"3.600";"3.14";"0";"0";"0";"T1";"2022-11-03T08:03:36.217Z";"Drawed"
"2";"3.720";"3.12";"0";"0";"0";"T1";"2022-11-03T08:03:36.317Z";"Drawed"
"2";"3.840";"3.12";"0";"0";"0";"T1";"2022-11-03T08:03:36.417Z";"Drawed"
"2";"3.960";"3.12";"0";"0";"0";"T1";"2022-11-03T08:03:36.517Z";"Drawed"
"2";"4.080";"3.11";"0";"0";"0";"T1";"2022-11-03T08:03:36.617Z";"Drawed"
"2";"4.180";"3.11";"0";"0";"0";"T1";"2022-11-03T08:03:36.717Z";"Drawed"
"2";"4.260";"3.11";"0";"0";"0";"T1";"2022-11-03T08:03:36.817Z";"Drawed"
"2";"4.360";"3.11";"0";"0";"0";"T1";"2022-11-03T08:03:36.917Z";"Drawed"
"2";"4.420";"3.11";"0";"0";"0";"T1";"2022-11-03T08:03:37.170Z";"Drawed"
"2";"4.510";"3.12";"0";"0";"0";"T1";"2022-11-03T08:03:37.117Z";"Drawed"
"2";"4.600";"3.12";"0";"0";"0";"T1";"2022-11-03T08:03:37.217Z";"Drawed"
"2";"4.700";"3.12";"0";"0";"0";"T1";"2022-11-03T08:03:37.317Z";"Drawed"
"2";"4.800";"3.12";"0";"0";"0";"T1";"2022-11-03T08:03:37.417Z";"Drawed"
"2";"4.900";"3.12";"0";"0";"0";"T1";"2022-11-03T08:03:37.517Z";"Drawed"
"2";"5.000";"3.12";"0";"0";"0";"T1";"2022-11-03T08:03:37.617Z";"Drawed"
"2";"5.080";"3.12";"0";"0";"0";"T1";"2022-11-03T08:03:37.717Z";"Drawed"
"2";"5.170";"3.13";"0";"0";"0";"T1";"2022-11-03T08:03:37.817Z";"Drawed"
"2";"5.250";"3.14";"0";"0";"0";"T1";"2022-11-03T08:03:37.917Z";"Drawed"
"2";"5.330";"3.14";"0";"0";"0";"T1";"2022-11-03T08:03:38.170Z";"Drawed"
"2";"5.420";"3.14";"0";"0";"0";"T1";"2022-11-03T08:03:38.117Z";"Drawed"
"2";"5.570";"3.15";"0";"0";"0";"T1";"2022-11-03T08:03:38.217Z";"Drawed"
"2";"5.630";"3.15";"0";"0";"0";"T1";"2022-11-03T08:03:38.317Z";"Drawed"
"2";"5.710";"3.15";"0";"0";"0";"T1";"2022-11-03T08:03:38.417Z";"Drawed"
"2";"5.780";"3.15";"0";"0";"0";"T1";"2022-11-03T08:03:38.517Z";"Drawed"
"2";"5.860";"3.15";"0";"0";"0";"T1";"2022-11-03T08:03:38.617Z";"Drawed"
"2";"5.920";"3.15";"0";"0";"0";"T1";"2022-11-03T08:03:38.717Z";"Drawed"
"2";"6.010";"3.15";"0";"0";"0";"T1";"2022-11-03T08:03:38.817Z";"Drawed"
"2";"6.090";"3.15";"0";"0";"0";"T1";"2022-11-03T08:03:38.917Z";"Drawed"
"2";"6.160";"3.15";"0";"0";"0";"T1";"2022-11-03T08:03:39.170Z";"Drawed"
"2";"6.200";"3.15";"0";"0";"0";"T1";"2022-11-03T08:03:39.117Z";"Drawed"
"2";"6.270";"3.15";"0";"0";"0";"T1";"2022-11-03T08:03:39.217Z";"Drawed"
"2";"6.370";"3.13";"0";"0";"0";"T1";"2022-11-03T08:03:39.317Z";"Drawed"
"2";"6.430";"3.11";"0";"0";"0";"T1";"2022-11-03T08:03:39.417Z";"Drawed"
"2";"6.490";"3.1";"0";"0";"0";"T1";"2022-11-03T08:03:39.517Z";"Drawed"
"2";"6.540";"3.08";"0";"0";"0";"T1";"2022-11-03T08:03:39.617Z";"Drawed"
"2";"6.600";"3.06";"0";"0";"0";"T1";"2022-11-03T08:03:39.717Z";"Drawed"
"2";"6.650";"3.04";"0";"0";"0";"T1";"2022-11-03T08:03:39.817Z";"Drawed"
"2";"6.700";"3.02";"0";"0";"0";"T1";"2022-11-03T08:03:39.917Z";"Drawed"
"2";"6.760";"2.99";"0";"0";"0";"T1";"2022-11-03T08:03:40.170Z";"Drawed"
"2";"6.800";"2.96";"0";"0";"0";"T1";"2022-11-03T08:03:40.117Z";"Drawed"
"2";"6.810";"2.95";"0";"0";"0";"T1";"2022-11-03T08:03:40.217Z";"Drawed"
"2";"6.840";"2.94";"0";"0";"0";"T1";"2022-11-03T08:03:40.317Z";"Drawed"
"2";"6.860";"2.92";"0";"0";"0";"T1";"2022-11-03T08:03:40.417Z";"Drawed"
"2";"6.900";"2.88";"0";"0";"0";"T1";"2022-11-03T08:03:40.517Z";"Drawed"
"2";"6.920";"2.85";"0";"0";"0";"T1";"2022-11-03T08:03:40.617Z";"Drawed"
"2";"6.950";"2.8";"0";"0";"0";"T1";"2022-11-03T08:03:40.717Z";"Drawed"
"2";"6.950";"2.79";"0";"0";"0";"T1";"2022-11-03T08:03:40.817Z";"Drawed"
"2";"6.970";"2.77";"0";"0";"0";"T1";"2022-11-03T08:03:40.917Z";"Drawed"
"2";"6.980";"2.75";"0";"0";"0";"T1";"2022-11-03T08:03:41.170Z";"Drawed"
"2";"7.000";"2.7";"0";"0";"0";"T1";"2022-11-03T08:03:41.117Z";"Drawed"
"2";"7.010";"2.67";"0";"0";"0";"T1";"2022-11-03T08:03:41.217Z";"Drawed"
"2";"7.040";"2.61";"0";"0";"0";"T1";"2022-11-03T08:03:41.317Z";"Drawed"
"2";"7.060";"2.52";"0";"0";"0";"T1";"2022-11-03T08:03:41.417Z";"Drawed"
"2";"7.080";"2.47";"0";"0";"0";"T1";"2022-11-03T08:03:41.517Z";"Drawed"
"2";"7.090";"2.42";"0";"0";"0";"T1";"2022-11-03T08:03:41.617Z";"Drawed"
"2";"7.090";"2.37";"0";"0";"0";"T1";"2022-11-03T08:03:41.717Z";"Drawed"
"2";"7.090";"2.36";"0";"0";"0";"T1";"2022-11-03T08:03:41.817Z";"Drawed"
"2";"7.090";"2.33";"0";"0";"0";"T1";"2022-11-03T08:03:41.917Z";"Drawed"
"2";"7.100";"2.31";"0";"0";"0";"T1";"2022-11-03T08:03:42.170Z";"Drawed"
"2";"7.100";"2.28";"0";"0";"0";"T1";"2022-11-03T08:03:42.117Z";"Drawed"
"2";"7.090";"2.25";"0";"0";"0";"T1";"2022-11-03T08:03:42.217Z";"Drawed"
"2";"7.090";"2.21";"0";"0";"0";"T1";"2022-11-03T08:03:42.317Z";"Drawed"
"2";"7.080";"2.18";"0";"0";"0";"T1";"2022-11-03T08:03:42.417Z";"Drawed"
"2";"7.080";"2.16";"0";"0";"0";"T1";"2022-11-03T08:03:42.517Z";"Drawed"
"2";"7.080";"2.13";"0";"0";"0";"T1";"2022-11-03T08:03:42.617Z";"Drawed"
"2";"7.070";"2.09";"0";"0";"0";"T1";"2022-11-03T08:03:42.717Z";"Drawed"
"2";"7.070";"2.06";"0";"0";"0";"T1";"2022-11-03T08:03:42.817Z";"Drawed"
"2";"7.060";"2.01";"0";"0";"0";"T1";"2022-11-03T08:03:42.917Z";"Drawed"
"2";"7.050";"1.98";"0";"0";"0";"T1";"2022-11-03T08:03:43.170Z";"Drawed"
"2";"7.040";"1.95";"0";"0";"0";"T1";"2022-11-03T08:03:43.117Z";"Drawed"
"2";"7.030";"1.91";"0";"0";"0";"T1";"2022-11-03T08:03:43.217Z";"Drawed"
"2";"7.030";"1.87";"0";"0";"0";"T1";"2022-11-03T08:03:43.317Z";"Drawed"
"2";"7.020";"1.8";"0";"0";"0";"T1";"2022-11-03T08:03:43.417Z";"Drawed"
"2";"7.010";"1.75";"0";"0";"0";"T1";"2022-11-03T08:03:43.517Z";"Drawed"
"2";"6.990";"1.69";"0";"0";"0";"T1";"2022-11-03T08:03:43.617Z";"Drawed"
"2";"6.980";"1.65";"0";"0";"0";"T1";"2022-11-03T08:03:43.717Z";"Drawed"
"2";"6.970";"1.6";"0";"0";"0";"T1";"2022-11-03T08:03:43.817Z";"Drawed"
"2";"6.960";"1.57";"0";"0";"0";"T1";"2022-11-03T08:03:43.917Z";"Drawed"
"2";"6.950";"1.55";"0";"0";"0";"T1";"2022-11-03T08:03:44.170Z";"Drawed"
"2";"6.930";"1.49";"0";"0";"0";"T1";"2022-11-03T08:03:44.117Z";"Drawed"
"2";"6.930";"1.47";"0";"0";"0";"T1";"2022-11-03T08:03:44.217Z";"Drawed"
"2";"6.920";"1.44";"0";"0";"0";"T1";"2022-11-03T08:03:44.317Z";"Drawed"
"2";"6.910";"1.43";"0";"0";"0";"T1";"2022-11-03T08:03:44.417Z";"Drawed"
"2";"6.890";"1.38";"0";"0";"0";"T1";"2022-11-03T08:03:44.517Z";"Drawed"
"2";"6.870";"1.34";"0";"0";"0";"T1";"2022-11-03T08:03:44.617Z";"Drawed"
"2";"6.840";"1.26";"0";"0";"0";"T1";"2022-11-03T08:03:44.717Z";"Drawed"
"2";"6.820";"1.2";"0";"0";"0";"T1";"2022-11-03T08:03:44.817Z";"Drawed"
"2";"6.800";"1.17";"0";"0";"0";"T1";"2022-11-03T08:03:44.917Z";"Drawed"
"2";"6.780";"1.14";"0";"0";"0";"T1";"2022-11-03T08:03:45.170Z";"Drawed"
"2";"6.760";"1.11";"0";"0";"0";"T1";"2022-11-03T08:03:45.117Z";"Drawed"
"2";"6.740";"1.08";"0";"0";"0";"T1";"2022-11-03T08:03:45.217Z";"Drawed"
"2";"6.710";"1.05";"0";"0";"0";"T1";"2022-11-03T08:03:45.317Z";"Drawed"
"2";"6.690";"1.03";"0";"0";"0";"T1";"2022-11-03T08:03:45.417Z";"Drawed"
"2";"6.680";"1.02";"0";"0";"0";"T1";"2022-11-03T08:03:45.517Z";"Drawed"
"2";"6.640";"1";"0";"0";"0";"T1";"2022-11-03T08:03:45.617Z";"Drawed"
"2";"6.600";"0.98";"0";"0";"0";"T1";"2022-11-03T08:03:45.717Z";"Drawed"
"2";"6.540";"0.96";"0";"0";"0";"T1";"2022-11-03T08:03:45.817Z";"Drawed"
"2";"6.480";"0.94";"0";"0";"0";"T1";"2022-11-03T08:03:45.917Z";"Drawed"
"2";"6.400";"0.93";"0";"0";"0";"T1";"2022-11-03T08:03:46.170Z";"Drawed"
"2";"6.330";"0.92";"0";"0";"0";"T1";"2022-11-03T08:03:46.117Z";"Drawed"
"2";"6.280";"0.91";"0";"0";"0";"T1";"2022-11-03T08:03:46.217Z";"Drawed"
"2";"6.210";"0.91";"0";"0";"0";"T1";"2022-11-03T08:03:46.317Z";"Drawed"
"2";"6.140";"0.91";"0";"0";"0";"T1";"2022-11-03T08:03:46.417Z";"Drawed"
"2";"6.010";"0.9";"0";"0";"0";"T1";"2022-11-03T08:03:46.517Z";"Drawed"
"2";"5.920";"0.9";"0";"0";"0";"T1";"2022-11-03T08:03:46.617Z";"Drawed"
"2";"5.830";"0.9";"0";"0";"0";"T1";"2022-11-03T08:03:46.717Z";"Drawed"
"2";"5.740";"0.9";"0";"0";"0";"T1";"2022-11-03T08:03:46.817Z";"Drawed"
"2";"5.680";"0.9";"0";"0";"0";"T1";"2022-11-03T08:03:46.917Z";"Drawed"
"2";"5.580";"0.9";"0";"0";"0";"T1";"2022-11-03T08:03:47.170Z";"Drawed"
"2";"5.490";"0.91";"0";"0";"0";"T1";"2022-11-03T08:03:47.117Z";"Drawed"
"2";"5.390";"0.91";"0";"0";"0";"T1";"2022-11-03T08:03:47.217Z";"Drawed"
"2";"5.300";"0.92";"0";"0";"0";"T1";"2022-11-03T08:03:47.317Z";"Drawed"
"2";"5.210";"0.92";"0";"0";"0";"T1";"2022-11-03T08:03:47.417Z";"Drawed"
"2";"5.110";"0.93";"0";"0";"0";"T1";"2022-11-03T08:03:47.517Z";"Drawed"
"2";"5.010";"0.95";"0";"0";"0";"T1";"2022-11-03T08:03:47.617Z";"Drawed"
"2";"4.840";"0.97";"0";"0";"0";"T1";"2022-11-03T08:03:47.717Z";"Drawed"
"2";"4.740";"0.99";"0";"0";"0";"T1";"2022-11-03T08:03:47.817Z";"Drawed"
"2";"4.640";"1";"0";"0";"0";"T1";"2022-11-03T08:03:47.917Z";"Drawed"
"2";"4.530";"1.02";"0";"0";"0";"T1";"2022-11-03T08:03:48.170Z";"Drawed"
"2";"4.450";"1.03";"0";"0";"0";"T1";"2022-11-03T08:03:48.117Z";"Drawed"
"2";"4.390";"1.04";"0";"0";"0";"T1";"2022-11-03T08:03:48.217Z";"Drawed"
"2";"4.310";"1.05";"0";"0";"0";"T1";"2022-11-03T08:03:48.317Z";"Drawed"
"2";"4.240";"1.06";"0";"0";"0";"T1";"2022-11-03T08:03:48.417Z";"Drawed"
"2";"4.180";"1.07";"0";"0";"0";"T1";"2022-11-03T08:03:48.517Z";"Drawed"
"2";"4.100";"1.07";"0";"0";"0";"T1";"2022-11-03T08:03:48.617Z";"Drawed"
"2";"4.040";"1.08";"0";"0";"0";"T1";"2022-11-03T08:03:48.717Z";"Drawed"
"2";"3.990";"1.09";"0";"0";"0";"T1";"2022-11-03T08:03:48.817Z";"Drawed"
"2";"3.920";"1.09";"0";"0";"0";"T1";"2022-11-03T08:03:48.917Z";"Drawed"
"2";"3.880";"1.1";"0";"0";"0";"T1";"2022-11-03T08:03:49.170Z";"Drawed"
"2";"3.830";"1.1";"0";"0";"0";"T1";"2022-11-03T08:03:49.117Z";"Drawed"
"2";"3.780";"1.11";"0";"0";"0";"T1";"2022-11-03T08:03:49.217Z";"Drawed"
"2";"3.740";"1.11";"0";"0";"0";"T1";"2022-11-03T08:03:49.317Z";"Drawed"
"2";"3.690";"1.11";"0";"0";"0";"T1";"2022-11-03T08:03:49.417Z";"Drawed"
"2";"3.630";"1.11";"0";"0";"0";"T1";"2022-11-03T08:03:49.517Z";"Drawed"
"2";"3.580";"1.12";"0";"0";"0";"T1";"2022-11-03T08:03:49.617Z";"Drawed"
"2";"3.530";"1.13";"0";"0";"0";"T1";"2022-11-03T08:03:49.717Z";"Drawed"
"2";"3.480";"1.14";"0";"0";"0";"T1";"2022-11-03T08:03:49.817Z";"Drawed"
"2";"3.420";"1.15";"0";"0";"0";"T1";"2022-11-03T08:03:49.917Z";"Drawed"
"2";"3.380";"1.15";"0";"0";"0";"T1";"2022-11-03T08:03:50.170Z";"Drawed"
"2";"3.300";"1.16";"0";"0";"0";"T1";"2022-11-03T08:03:50.117Z";"Drawed"
"2";"3.240";"1.17";"0";"0";"0";"T1";"2022-11-03T08:03:50.217Z";"Drawed"
"2";"3.190";"1.18";"0";"0";"0";"T1";"2022-11-03T08:03:50.317Z";"Drawed"
"2";"3.130";"1.18";"0";"0";"0";"T1";"2022-11-03T08:03:50.417Z";"Drawed"
"2";"3.080";"1.19";"0";"0";"0";"T1";"2022-11-03T08:03:50.517Z";"Drawed"
"2";"3.030";"1.19";"0";"0";"0";"T1";"2022-11-03T08:03:50.617Z";"Drawed"
"2";"3.010";"1.19";"0";"0";"0";"T1";"2022-11-03T08:03:50.717Z";"Drawed"
"2";"2.960";"1.2";"0";"0";"0";"T1";"2022-11-03T08:03:50.817Z";"Drawed"
"2";"2.930";"1.2";"0";"0";"0";"T1";"2022-11-03T08:03:50.917Z";"Drawed"
"2";"2.910";"1.2";"0";"0";"0";"T1";"2022-11-03T08:03:51.170Z";"Drawed"
"2";"2.850";"1.2";"0";"0";"0";"T1";"2022-11-03T08:03:51.117Z";"Drawed"
"2";"2.800";"1.21";"0";"0";"0";"T1";"2022-11-03T08:03:51.217Z";"Drawed"
"2";"2.730";"1.22";"0";"0";"0";"T1";"2022-11-03T08:03:51.317Z";"Drawed"
"2";"2.680";"1.23";"0";"0";"0";"T1";"2022-11-03T08:03:51.417Z";"Drawed"
"2";"2.610";"1.25";"0";"0";"0";"T1";"2022-11-03T08:03:51.517Z";"Drawed"
"2";"2.540";"1.26";"0";"0";"0";"T1";"2022-11-03T08:03:51.617Z";"Drawed"
"2";"2.480";"1.27";"0";"0";"0";"T1";"2022-11-03T08:03:51.717Z";"Drawed"
"2";"2.410";"1.28";"0";"0";"0";"T1";"2022-11-03T08:03:51.817Z";"Drawed"
"2";"2.340";"1.29";"0";"0";"0";"T1";"2022-11-03T08:03:51.917Z";"Drawed"
"2";"2.260";"1.3";"0";"0";"0";"T1";"2022-11-03T08:03:52.170Z";"Drawed"
"2";"2.200";"1.32";"0";"0";"0";"T1";"2022-11-03T08:03:52.117Z";"Drawed"
"2";"2.140";"1.34";"0";"0";"0";"T1";"2022-11-03T08:03:52.217Z";"Drawed"
"2";"2.080";"1.35";"0";"0";"0";"T1";"2022-11-03T08:03:52.317Z";"Drawed"
"2";"2.030";"1.37";"0";"0";"0";"T1";"2022-11-03T08:03:52.417Z";"Drawed"
"2";"1.950";"1.39";"0";"0";"0";"T1";"2022-11-03T08:03:52.517Z";"Drawed"
"2";"1.890";"1.41";"0";"0";"0";"T1";"2022-11-03T08:03:52.617Z";"Drawed"
"2";"1.840";"1.42";"0";"0";"0";"T1";"2022-11-03T08:03:52.717Z";"Drawed"
"2";"1.790";"1.44";"0";"0";"0";"T1";"2022-11-03T08:03:52.817Z";"Drawed"
"2";"1.730";"1.46";"0";"0";"0";"T1";"2022-11-03T08:03:52.917Z";"Drawed"
"2";"1.690";"1.49";"0";"0";"0";"T1";"2022-11-03T08:03:53.170Z";"Drawed"
"2";"1.660";"1.51";"0";"0";"0";"T1";"2022-11-03T08:03:53.117Z";"Drawed"
"2";"1.610";"1.54";"0";"0";"0";"T1";"2022-11-03T08:03:53.217Z";"Drawed"
"2";"1.570";"1.58";"0";"0";"0";"T1";"2022-11-03T08:03:53.317Z";"Drawed"
"2";"1.520";"1.63";"0";"0";"0";"T1";"2022-11-03T08:03:53.417Z";"Drawed"
"2";"1.480";"1.68";"0";"0";"0";"T1";"2022-11-03T08:03:53.517Z";"Drawed"
"2";"1.450";"1.73";"0";"0";"0";"T1";"2022-11-03T08:03:53.617Z";"Drawed"
"2";"1.400";"1.84";"0";"0";"0";"T1";"2022-11-03T08:03:53.717Z";"Drawed"
"2";"1.370";"1.9";"0";"0";"0";"T1";"2022-11-03T08:03:53.817Z";"Drawed"
"2";"1.340";"1.97";"0";"0";"0";"T1";"2022-11-03T08:03:53.917Z";"Drawed"
"2";"1.320";"2.04";"0";"0";"0";"T1";"2022-11-03T08:03:54.170Z";"Drawed"
"2";"1.310";"2.11";"0";"0";"0";"T1";"2022-11-03T08:03:54.117Z";"Drawed"
"2";"1.290";"2.19";"0";"0";"0";"T1";"2022-11-03T08:03:54.217Z";"Drawed"
"2";"1.290";"2.26";"0";"0";"0";"T1";"2022-11-03T08:03:54.317Z";"Drawed"
"2";"1.270";"2.31";"0";"0";"0";"T1";"2022-11-03T08:03:54.417Z";"Drawed"
"2";"1.250";"2.38";"0";"0";"0";"T1";"2022-11-03T08:03:54.517Z";"Drawed"
"2";"1.250";"2.44";"0";"0";"0";"T1";"2022-11-03T08:03:54.617Z";"Drawed"
"2";"1.240";"2.48";"0";"0";"0";"T1";"2022-11-03T08:03:54.717Z";"Drawed"
"2";"1.230";"2.51";"0";"0";"0";"T1";"2022-11-03T08:03:54.817Z";"Drawed"
"2";"1.230";"2.59";"0";"0";"0";"T1";"2022-11-03T08:03:54.917Z";"Drawed"
"2";"1.220";"2.64";"0";"0";"0";"T1";"2022-11-03T08:03:55.170Z";"Drawed"
"2";"1.220";"2.69";"0";"0";"0";"T1";"2022-11-03T08:03:55.117Z";"Drawed"
"2";"1.220";"2.75";"0";"0";"0";"T1";"2022-11-03T08:03:55.217Z";"Drawed"
"2";"1.220";"2.81";"0";"0";"0";"T1";"2022-11-03T08:03:55.317Z";"Drawed"
"2";"1.210";"2.86";"0";"0";"0";"T1";"2022-11-03T08:03:55.417Z";"Drawed"
"2";"1.210";"2.93";"0";"0";"0";"T1";"2022-11-03T08:03:55.517Z";"Drawed"
"2";"1.210";"2.98";"0";"0";"0";"T1";"2022-11-03T08:03:55.617Z";"Drawed"
"2";"1.210";"3.05";"0";"0";"0";"T1";"2022-11-03T08:03:55.717Z";"Drawed"
"2";"1.210";"3.1";"0";"0";"0";"T1";"2022-11-03T08:03:55.817Z";"Drawed"
"2";"1.210";"3.18";"0";"0";"0";"T1";"2022-11-03T08:03:55.917Z";"Drawed"
"2";"1.210";"3.26";"0";"0";"0";"T1";"2022-11-03T08:03:56.170Z";"Drawed"
"2";"1.210";"3.37";"0";"0";"0";"T1";"2022-11-03T08:03:56.117Z";"Drawed"
"2";"1.210";"3.45";"0";"0";"0";"T1";"2022-11-03T08:03:56.217Z";"Drawed"
"2";"1.210";"3.51";"0";"0";"0";"T1";"2022-11-03T08:03:56.317Z";"Drawed"
"2";"1.210";"3.58";"0";"0";"0";"T1";"2022-11-03T08:03:56.417Z";"Drawed"
"2";"1.210";"3.63";"0";"0";"0";"T1";"2022-11-03T08:03:56.517Z";"Drawed"
"2";"1.210";"3.69";"0";"0";"0";"T1";"2022-11-03T08:03:56.617Z";"Drawed"
"2";"1.210";"3.76";"0";"0";"0";"T1";"2022-11-03T08:03:56.717Z";"Drawed"
"2";"1.210";"3.83";"0";"0";"0";"T1";"2022-11-03T08:03:56.817Z";"Drawed"
"2";"1.210";"3.89";"0";"0";"0";"T1";"2022-11-03T08:03:56.917Z";"Drawed"
"2";"1.210";"3.98";"0";"0";"0";"T1";"2022-11-03T08:03:57.170Z";"Drawed"
"2";"1.210";"4.05";"0";"0";"0";"T1";"2022-11-03T08:03:57.117Z";"Drawed"
"2";"1.210";"4.13";"0";"0";"0";"T1";"2022-11-03T08:03:57.217Z";"Drawed"
"2";"1.210";"4.21";"0";"0";"0";"T1";"2022-11-03T08:03:57.317Z";"Drawed"
"2";"1.210";"4.26";"0";"0";"0";"T1";"2022-11-03T08:03:57.417Z";"Drawed"
"2";"1.210";"4.3";"0";"0";"0";"T1";"2022-11-03T08:03:57.517Z";"Drawed"
"2";"1.210";"4.35";"0";"0";"0";"T1";"2022-11-03T08:03:57.617Z";"Drawed"
"2";"1.210";"4.39";"0";"0";"0";"T1";"2022-11-03T08:03:57.717Z";"Drawed"
"2";"1.210";"4.46";"0";"0";"0";"T1";"2022-11-03T08:03:57.817Z";"Drawed"
"2";"1.210";"4.53";"0";"0";"0";"T1";"2022-11-03T08:03:57.917Z";"Drawed"
"2";"1.210";"4.59";"0";"0";"0";"T1";"2022-11-03T08:03:58.170Z";"Drawed"
"2";"1.210";"4.65";"0";"0";"0";"T1";"2022-11-03T08:03:58.117Z";"Drawed"
"2";"1.210";"4.7";"0";"0";"0";"T1";"2022-11-03T08:03:58.217Z";"Drawed"
"2";"1.210";"4.75";"0";"0";"0";"T1";"2022-11-03T08:03:58.317Z";"Drawed"
"2";"1.210";"4.79";"0";"0";"0";"T1";"2022-11-03T08:03:58.417Z";"Drawed"
"2";"1.210";"4.86";"0";"0";"0";"T1";"2022-11-03T08:03:58.517Z";"Drawed"
"2";"1.200";"4.89";"0";"0";"0";"T1";"2022-11-03T08:03:58.617Z";"Drawed"
"2";"1.200";"4.93";"0";"0";"0";"T1";"2022-11-03T08:03:58.717Z";"Drawed"
"2";"1.200";"4.97";"0";"0";"0";"T1";"2022-11-03T08:03:58.817Z";"Drawed"
"2";"1.200";"5.03";"0";"0";"0";"T1";"2022-11-03T08:03:58.917Z";"Drawed"
"2";"1.200";"5.07";"0";"0";"0";"T1";"2022-11-03T08:03:59.170Z";"Drawed"
"2";"1.200";"5.11";"0";"0";"0";"T1";"2022-11-03T08:03:59.117Z";"Drawed"
"2";"1.190";"5.17";"0";"0";"0";"T1";"2022-11-03T08:03:59.217Z";"Drawed"
"2";"1.190";"5.2";"0";"0";"0";"T1";"2022-11-03T08:03:59.317Z";"Drawed"
"2";"1.190";"5.21";"0";"0";"0";"T1";"2022-11-03T08:03:59.417Z";"Drawed"
"2";"1.180";"5.24";"0";"0";"0";"T1";"2022-11-03T08:03:59.517Z";"Drawed"
"2";"1.180";"5.26";"0";"0";"0";"T1";"2022-11-03T08:03:59.617Z";"Drawed"
"2";"1.180";"5.29";"0";"0";"0";"T1";"2022-11-03T08:03:59.717Z";"Drawed"
"2";"1.180";"5.35";"0";"0";"0";"T1";"2022-11-03T08:03:59.817Z";"Drawed"
"2";"1.170";"5.4";"0";"0";"0";"T1";"2022-11-03T08:03:59.917Z";"Drawed"
"2";"1.170";"5.42";"0";"0";"0";"T1";"2022-11-03T08:04:00.170Z";"Drawed"
"2";"1.160";"5.46";"0";"0";"0";"T1";"2022-11-03T08:04:00.117Z";"Drawed"
"2";"1.160";"5.48";"0";"0";"0";"T1";"2022-11-03T08:04:00.217Z";"Drawed"
"2";"1.160";"5.49";"0";"0";"0";"T1";"2022-11-03T08:04:00.317Z";"Drawed"
"2";"1.160";"5.53";"0";"0";"0";"T1";"2022-11-03T08:04:00.417Z";"Drawed"
"2";"1.160";"5.57";"0";"0";"0";"T1";"2022-11-03T08:04:00.517Z";"Drawed"
"2";"1.160";"5.6";"0";"0";"0";"T1";"2022-11-03T08:04:00.617Z";"Drawed"
"2";"1.170";"5.62";"0";"0";"0";"T1";"2022-11-03T08:04:00.717Z";"Drawed"
"2";"1.170";"5.65";"0";"0";"0";"T1";"2022-11-03T08:04:00.817Z";"Drawed"
"2";"1.170";"5.68";"0";"0";"0";"T1";"2022-11-03T08:04:00.917Z";"Drawed"
"2";"1.170";"5.7";"0";"0";"0";"T1";"2022-11-03T08:04:01.170Z";"Drawed"
"2";"1.180";"5.71";"0";"0";"0";"T1";"2022-11-03T08:04:01.117Z";"Drawed"
"2";"1.180";"5.74";"0";"0";"0";"T1";"2022-11-03T08:04:01.217Z";"Drawed"
"2";"1.180";"5.75";"0";"0";"0";"T1";"2022-11-03T08:04:01.317Z";"Drawed"
"2";"1.180";"5.76";"0";"0";"0";"T1";"2022-11-03T08:04:01.417Z";"Drawed"
"2";"1.180";"5.8";"0";"0";"0";"T1";"2022-11-03T08:04:01.517Z";"Drawed"
"2";"1.190";"5.81";"0";"0";"0";"T1";"2022-11-03T08:04:01.617Z";"Drawed"
"2";"1.190";"5.84";"0";"0";"0";"T1";"2022-11-03T08:04:01.717Z";"Drawed"
"2";"1.190";"5.85";"0";"0";"0";"T1";"2022-11-03T08:04:01.817Z";"Drawed"
"2";"1.190";"5.87";"0";"0";"0";"T1";"2022-11-03T08:04:01.917Z";"Drawed"
"2";"1.190";"5.87";"0";"0";"0";"T1";"2022-11-03T08:04:02.170Z";"Drawed"
"2";"1.200";"5.9";"0";"0";"0";"T1";"2022-11-03T08:04:02.117Z";"Drawed"
"2";"1.200";"5.91";"0";"0";"0";"T1";"2022-11-03T08:04:02.217Z";"Drawed"
"2";"1.210";"5.98";"0";"0";"0";"T1";"2022-11-03T08:04:02.317Z";"Drawed"
"2";"1.220";"6.05";"0";"0";"0";"T1";"2022-11-03T08:04:02.417Z";"Drawed"
"2";"1.220";"6.1";"0";"0";"0";"T1";"2022-11-03T08:04:02.517Z";"Drawed"
"2";"1.230";"6.19";"0";"0";"0";"T1";"2022-11-03T08:04:02.617Z";"Drawed"
"2";"1.230";"6.24";"0";"0";"0";"T1";"2022-11-03T08:04:02.717Z";"Drawed"
"2";"1.230";"6.26";"0";"0";"0";"T1";"2022-11-03T08:04:02.817Z";"Drawed"
"2";"1.230";"6.26";"0";"0";"0";"T1";"2022-11-03T08:04:02.917Z";"Drawed"